<?xml version="1.0" encoding="UTF-8"?>
<project-private xmlns="http://www.netbeans.org/ns/project-private/1">
    <editor-bookmarks xmlns="http://www.netbeans.org/ns/editor-bookmarks/2" lastBookmarkId="0"/>
    <open-files xmlns="http://www.netbeans.org/ns/projectui-open-files/2">
        <group>
            <file>file:/E:/Aptech/sem2/2.%20ADF-I/java-1/minh_1225645/src/product/Item.java</file>
            <file>file:/E:/Aptech/sem2/2.%20ADF-I/java-1/minh_1225645/src/product/Test.java</file>
            <file>file:/E:/Aptech/sem2/2.%20ADF-I/java-1/minh_1225645/src/product/Invoice.java</file>
            <file>file:/E:/Aptech/sem2/2.%20ADF-I/java-1/minh_1225645/src/sale/IDiscount.java</file>
        </group>
    </open-files>
</project-private>
